FREQ,FREQ_LABEL,REF_AREA,REF_AREA_LABEL,INDICATOR,INDICATOR_LABEL,UNIT_MEASURE,UNIT_MEASURE_LABEL,DATABASE_ID,DATABASE_ID_LABEL,UNIT_MULT,UNIT_MULT_LABEL,OBS_STATUS,OBS_STATUS_LABEL,OBS_CONF,OBS_CONF_LABEL,1963,1964,1965,1966,1967,1968,1969,1970,1971,1972,1973,1974,1975,1976,1977,1978,1979,1980,1981,1982,1983,1984,1985,1986,1987,1988,1989,1990,1991,1992,1993,1994,1995,1996,1997,1998,1999,2000,2001,2002,2003,2004,2005,2006,2007,2008,2009,2010,2011,2012,2013,2014,2015,2016,2017,2018,2019,2020,2021,2022,2023
A,Annual,AGO,Angola,WB_ESG_SI_POV_GINI,Gini index,IX,Index,WB_ESG,"Environment, Social & Governance (ESG)",0,Units,A,Normal value,PU,Public,,,,,,,,,,,,,,,,,,,,,,,,,,,,,,,,,,,,,,52.0,,,,,,,,42.7,,,,,,,,,,51.3,,,,,
A,Annual,ALB,Albania,WB_ESG_SI_POV_GINI,Gini index,IX,Index,WB_ESG,"Environment, Social & Governance (ESG)",0,Units,A,Normal value,PU,Public,,,,,,,,,,,,,,,,,,,,,,,,,,,,,,,,,,27.0,,,,,,31.7,,,30.6,,,30.0,,,,29.0,,34.6,32.8,33.7,33.1,30.1,30.1,29.4,,,
A,Annual,ARE,United Arab Emirates,WB_ESG_SI_POV_GINI,Gini index,IX,Index,WB_ESG,"Environment, Social & Governance (ESG)",0,Units,A,Normal value,PU,Public,,,,,,,,,,,,,,,,,,,,,,,,,,,,,,,,,,,,,,,,,,,,,,,,,,,32.5,,,,,26.0,,,,,
A,Annual,ARG,Argentina,WB_ESG_SI_POV_GINI,Gini index,IX,Index,WB_ESG,"Environment, Social & Governance (ESG)",0,Units,A,Normal value,PU,Public,,,,,,,,,,,,,,,,,,40.8,,,,,,42.8,45.3,,,,46.8,45.5,44.9,45.9,48.9,49.5,49.1,50.7,49.8,51.1,53.3,53.8,51.0,48.5,47.8,46.4,46.3,45.0,43.8,43.7,42.7,41.4,41.1,41.8,,42.3,41.4,41.7,43.3,42.7,42.4,40.7,
A,Annual,ARM,Armenia,WB_ESG_SI_POV_GINI,Gini index,IX,Index,WB_ESG,"Environment, Social & Governance (ESG)",0,Units,A,Normal value,PU,Public,,,,,,,,,,,,,,,,,,,,,,,,,,,,,,,,,,,,,36.2,,35.4,34.8,33.0,37.5,36.0,29.7,31.2,29.2,28.0,30.0,29.4,29.6,30.6,31.5,32.4,32.5,33.6,34.4,30.0,25.1,27.9,27.9,
A,Annual,AUS,Australia,WB_ESG_SI_POV_GINI,Gini index,IX,Index,WB_ESG,"Environment, Social & Governance (ESG)",0,Units,A,Normal value,PU,Public,,,,,,,,,,,,,,,,,,,31.3,,,,32.5,,,,33.2,,,,,,32.6,,,,,,33.5,,33.5,33.1,,,,35.4,,34.7,,,,34.4,,33.7,,34.3,,,,,
A,Annual,AUT,Austria,WB_ESG_SI_POV_GINI,Gini index,IX,Index,WB_ESG,"Environment, Social & Governance (ESG)",0,Units,A,Normal value,PU,Public,,,,,,,,,,,,,,,,,,,,,,,,,,,,,,,,30.8,29.9,29.3,29.1,31.3,29.7,29.0,,,29.5,29.8,28.7,29.6,30.6,30.4,31.5,30.3,30.8,30.5,30.8,30.5,30.5,30.8,29.7,30.8,30.2,29.8,30.7,,
A,Annual,AZE,Azerbaijan,WB_ESG_SI_POV_GINI,Gini index,IX,Index,WB_ESG,"Environment, Social & Governance (ESG)",0,Units,A,Normal value,PU,Public,,,,,,,,,,,,,,,,,,,,,,,,,,,,,,,,,34.7,,,,,,36.5,25.3,26.8,26.6,26.6,,,,,,,,,,,,,,,,,,
A,Annual,BDI,Burundi,WB_ESG_SI_POV_GINI,Gini index,IX,Index,WB_ESG,"Environment, Social & Governance (ESG)",0,Units,A,Normal value,PU,Public,,,,,,,,,,,,,,,,,,,,,,,,,,,,,,33.3,,,,,,42.3,,,,,,,,33.4,,,,,,,38.6,,,,,,,37.5,,,
A,Annual,BEL,Belgium,WB_ESG_SI_POV_GINI,Gini index,IX,Index,WB_ESG,"Environment, Social & Governance (ESG)",0,Units,A,Normal value,PU,Public,,,,,,,,,,,,,,,,,,,,,,,25.2,,,25.7,,,,25.0,,,28.4,,26.8,,,33.1,,,28.1,30.5,29.3,28.1,29.2,28.4,28.6,28.4,28.1,27.5,27.7,28.1,27.7,27.6,27.4,27.2,27.2,26.0,26.6,,
A,Annual,BEN,Benin,WB_ESG_SI_POV_GINI,Gini index,IX,Index,WB_ESG,"Environment, Social & Governance (ESG)",0,Units,A,Normal value,PU,Public,,,,,,,,,,,,,,,,,,,,,,,,,,,,,,,,,,,,,,,,,38.6,,,,,,,,43.4,,,,47.8,,,37.9,,,34.4,,
A,Annual,BFA,Burkina Faso,WB_ESG_SI_POV_GINI,Gini index,IX,Index,WB_ESG,"Environment, Social & Governance (ESG)",0,Units,A,Normal value,PU,Public,,,,,,,,,,,,,,,,,,,,,,,,,,,,,,,,48.1,,,,49.9,,,,,43.3,,,,,,39.8,,,,,35.3,,,,43.0,,,37.4,,
A,Annual,BGD,Bangladesh,WB_ESG_SI_POV_GINI,Gini index,IX,Index,WB_ESG,"Environment, Social & Governance (ESG)",0,Units,A,Normal value,PU,Public,,,,,,,,,,,,,,,,,,,,,25.9,,26.9,,,28.8,,,27.6,,,,32.9,,,,,33.4,,,,,33.2,,,,,32.1,,,,,,32.4,,,,,,33.4,
A,Annual,BGR,Bulgaria,WB_ESG_SI_POV_GINI,Gini index,IX,Index,WB_ESG,"Environment, Social & Governance (ESG)",0,Units,A,Normal value,PU,Public,,,,,,,,,,,,,,,,,,,,,,,,,,,,,,,,,,,,,,,,,,,,35.7,36.1,33.6,33.8,35.7,34.3,36.0,36.6,37.4,38.6,40.6,40.4,41.3,40.3,40.5,39.0,,
A,Annual,BIH,Bosnia and Herzegovina,WB_ESG_SI_POV_GINI,Gini index,IX,Index,WB_ESG,"Environment, Social & Governance (ESG)",0,Units,A,Normal value,PU,Public,,,,,,,,,,,,,,,,,,,,,,,,,,,,,,,,,,,,,,,30.0,,,34.0,,,33.1,,,,33.0,,,,,,,,,,,,
A,Annual,BLR,Belarus,WB_ESG_SI_POV_GINI,Gini index,IX,Index,WB_ESG,"Environment, Social & Governance (ESG)",0,Units,A,Normal value,PU,Public,,,,,,,,,,,,,,,,,,,,,,,,,,,,,,,,,,,,32.0,31.7,31.2,30.6,30.3,28.8,26.5,27.6,28.3,29.6,27.8,27.7,28.6,27.2,26.5,26.6,27.2,25.6,25.3,25.4,25.2,25.3,24.4,,,
A,Annual,BLZ,Belize,WB_ESG_SI_POV_GINI,Gini index,IX,Index,WB_ESG,"Environment, Social & Governance (ESG)",0,Units,A,Normal value,PU,Public,,,,,,,,,,,,,,,,,,,,,,,,,,,,,,,60.3,60.9,,56.6,60.4,54.9,53.3,,,,,,,,,,,,,,,,,,,,,,,,
A,Annual,BOL,Bolivia,WB_ESG_SI_POV_GINI,Gini index,IX,Index,WB_ESG,"Environment, Social & Governance (ESG)",0,Units,A,Normal value,PU,Public,,,,,,,,,,,,,,,,,,,,,,,,,,,,42.0,,49.1,,,,,58.2,,58.1,61.6,57.4,59.3,,55.0,58.5,56.7,54.5,50.8,49.2,,46.1,46.6,47.6,47.8,46.7,45.2,44.6,42.6,41.6,43.6,40.9,,
A,Annual,BRA,Brazil,WB_ESG_SI_POV_GINI,Gini index,IX,Index,WB_ESG,"Environment, Social & Governance (ESG)",0,Units,A,Normal value,PU,Public,,,,,,,,,,,,,,,,,,,57.9,58.4,59.0,58.4,55.6,58.5,59.7,61.4,63.3,60.5,,53.2,60.1,,59.6,59.9,59.8,59.6,59.0,,58.4,58.1,57.6,56.5,56.3,55.6,54.9,54.0,53.7,,52.9,53.4,52.7,52.0,51.9,53.4,53.3,53.9,53.5,48.9,52.9,52.0,
A,Annual,BTN,Bhutan,WB_ESG_SI_POV_GINI,Gini index,IX,Index,WB_ESG,"Environment, Social & Governance (ESG)",0,Units,A,Normal value,PU,Public,,,,,,,,,,,,,,,,,,,,,,,,,,,,,,,,,,,,,,,,,40.9,,,,38.1,,,,,38.8,,,,,37.4,,,,,28.5,
A,Annual,BWA,Botswana,WB_ESG_SI_POV_GINI,Gini index,IX,Index,WB_ESG,"Environment, Social & Governance (ESG)",0,Units,A,Normal value,PU,Public,,,,,,,,,,,,,,,,,,,,,,,54.2,,,,,,,,60.8,,,,,,,,,64.7,,,,,,,60.5,,,,,,53.3,,,,,,,,
A,Annual,CAF,Central African Republic,WB_ESG_SI_POV_GINI,Gini index,IX,Index,WB_ESG,"Environment, Social & Governance (ESG)",0,Units,A,Normal value,PU,Public,,,,,,,,,,,,,,,,,,,,,,,,,,,,,,61.3,,,,,,,,,,,,,,,,56.2,,,,,,,,,,,,,43.0,,
A,Annual,CAN,Canada,WB_ESG_SI_POV_GINI,Gini index,IX,Index,WB_ESG,"Environment, Social & Governance (ESG)",0,Units,A,Normal value,PU,Public,,,,,,,,,37.3,,34.9,,34.1,,33.7,,33.5,,33.0,32.9,,33.5,33.2,31.7,31.7,31.2,31.0,31.4,32.0,31.6,31.7,31.3,31.5,32.8,33.1,33.2,33.1,33.4,33.6,33.6,33.8,33.8,33.6,34.1,33.8,33.9,34.0,33.6,32.7,33.5,33.8,33.2,33.7,32.7,33.3,32.5,31.7,,,,
A,Annual,CHE,Switzerland,WB_ESG_SI_POV_GINI,Gini index,IX,Index,WB_ESG,"Environment, Social & Governance (ESG)",0,Units,A,Normal value,PU,Public,,,,,,,,,,,,,,,,,,,,36.0,,,,,,,,,,33.9,,,,,,,,33.4,,31.7,,,,33.9,34.3,33.8,32.9,32.6,31.7,31.6,32.5,32.5,32.3,33.0,32.7,33.1,34.0,33.7,,,
A,Annual,CHL,Chile,WB_ESG_SI_POV_GINI,Gini index,IX,Index,WB_ESG,"Environment, Social & Governance (ESG)",0,Units,A,Normal value,PU,Public,,,,,,,,,,,,,,,,,,,,,,,,,56.2,,,57.2,,54.8,,56.4,,54.9,,55.5,,52.8,,,51.5,,,47.7,,,47.4,,46.9,,46.8,,45.3,,45.3,,,47.0,,43.0,
A,Annual,CHN,China,WB_ESG_SI_POV_GINI,Gini index,IX,Index,WB_ESG,"Environment, Social & Governance (ESG)",0,Units,A,Normal value,PU,Public,,,,,,,,,,,,,,,,,,,,,,,,,,,,32.2,,,33.9,,,35.2,,,38.7,,,42.0,,,40.9,,,43.0,,43.7,42.4,42.2,39.7,39.2,38.6,38.5,39.1,38.5,38.2,37.1,,,
A,Annual,CIV,Cote d'Ivoire,WB_ESG_SI_POV_GINI,Gini index,IX,Index,WB_ESG,"Environment, Social & Governance (ESG)",0,Units,A,Normal value,PU,Public,,,,,,,,,,,,,,,,,,,,,,,45.5,38.0,40.5,36.9,,,,39.4,,,40.6,,,39.0,,,,41.3,,,,,,43.2,,,,,,,41.5,,,37.2,,,35.3,,
A,Annual,CMR,Cameroon,WB_ESG_SI_POV_GINI,Gini index,IX,Index,WB_ESG,"Environment, Social & Governance (ESG)",0,Units,A,Normal value,PU,Public,,,,,,,,,,,,,,,,,,,,,,,,,,,,,,,,,,44.4,,,,,42.1,,,,,,42.8,,,,,,,46.6,,,,,,,42.2,,
A,Annual,COD,"Congo, Dem. Rep.",WB_ESG_SI_POV_GINI,Gini index,IX,Index,WB_ESG,"Environment, Social & Governance (ESG)",0,Units,A,Normal value,PU,Public,,,,,,,,,,,,,,,,,,,,,,,,,,,,,,,,,,,,,,,,,,42.2,,,,,,,,42.1,,,,,,,,44.7,,,
A,Annual,COG,"Congo, Rep.",WB_ESG_SI_POV_GINI,Gini index,IX,Index,WB_ESG,"Environment, Social & Governance (ESG)",0,Units,A,Normal value,PU,Public,,,,,,,,,,,,,,,,,,,,,,,,,,,,,,,,,,,,,,,,,,,47.3,,,,,,48.9,,,,,,,,,,,,
A,Annual,COL,Colombia,WB_ESG_SI_POV_GINI,Gini index,IX,Index,WB_ESG,"Environment, Social & Governance (ESG)",0,Units,A,Normal value,PU,Public,,,,,,,,,,,,,,,,,,59.1,,,,,,,,53.1,53.6,,51.3,51.5,,,,56.9,,,58.7,58.7,57.5,56.0,53.6,55.0,53.9,,,55.3,54.3,54.6,53.5,52.6,52.6,52.6,51.0,50.6,49.7,50.4,51.3,53.5,55.1,54.8,
A,Annual,COM,Comoros,WB_ESG_SI_POV_GINI,Gini index,IX,Index,WB_ESG,"Environment, Social & Governance (ESG)",0,Units,A,Normal value,PU,Public,,,,,,,,,,,,,,,,,,,,,,,,,,,,,,,,,,,,,,,,,,55.9,,,,,,,,,,45.3,,,,,,,,,
A,Annual,CPV,Cabo Verde,WB_ESG_SI_POV_GINI,Gini index,IX,Index,WB_ESG,"Environment, Social & Governance (ESG)",0,Units,A,Normal value,PU,Public,,,,,,,,,,,,,,,,,,,,,,,,,,,,,,,,,,,,,,,52.5,,,,,,47.2,,,,,,,,42.4,,,,,,,,
A,Annual,CRI,Costa Rica,WB_ESG_SI_POV_GINI,Gini index,IX,Index,WB_ESG,"Environment, Social & Governance (ESG)",0,Units,A,Normal value,PU,Public,,,,,,,,,,,,,,,,,,,47.5,,,,,34.4,,,45.6,45.3,46.6,45.7,46.0,46.8,45.7,46.5,45.6,45.7,47.7,47.4,51.5,51.8,49.3,48.4,47.5,49.3,49.3,48.6,50.6,48.0,48.8,48.4,49.2,48.6,48.4,48.7,48.3,48.0,48.2,49.2,48.7,47.2,
A,Annual,CYP,Cyprus,WB_ESG_SI_POV_GINI,Gini index,IX,Index,WB_ESG,"Environment, Social & Governance (ESG)",0,Units,A,Normal value,PU,Public,,,,,,,,,,,,,,,,,,,,,,,,,,,,,,,,,,,,,,,,,,30.1,30.3,31.1,31.1,31.7,32.1,31.5,32.6,34.3,37.0,35.6,34.0,32.9,31.4,32.7,31.2,31.7,31.3,,
A,Annual,CZE,Czechia,WB_ESG_SI_POV_GINI,Gini index,IX,Index,WB_ESG,"Environment, Social & Governance (ESG)",0,Units,A,Normal value,PU,Public,,,,,,,,,,,,,,,,,,,,,,,,,,,,,,20.7,26.6,,,25.8,,,,,,26.6,,27.5,26.9,26.7,26.0,26.3,26.2,26.6,26.4,26.1,26.5,25.9,25.9,25.4,24.9,25.0,25.3,26.2,26.2,,
A,Annual,DEU,Germany,WB_ESG_SI_POV_GINI,Gini index,IX,Index,WB_ESG,"Environment, Social & Governance (ESG)",0,Units,A,Normal value,PU,Public,,,,,,,,,,,,,,,,,,,,,,,,,,,,,29.5,29.0,28.5,29.2,28.7,28.0,28.3,28.1,29.0,28.8,29.9,29.9,29.9,30.2,31.6,31.0,31.1,30.9,30.5,30.3,30.7,31.1,31.5,30.9,31.4,31.4,31.9,31.8,31.7,,,,
A,Annual,DJI,Djibouti,WB_ESG_SI_POV_GINI,Gini index,IX,Index,WB_ESG,"Environment, Social & Governance (ESG)",0,Units,A,Normal value,PU,Public,,,,,,,,,,,,,,,,,,,,,,,,,,,,,,,,,,,,,,,,40.0,,,,,,,,,,45.1,44.1,,,,41.6,,,,,,
A,Annual,DNK,Denmark,WB_ESG_SI_POV_GINI,Gini index,IX,Index,WB_ESG,"Environment, Social & Governance (ESG)",0,Units,A,Normal value,PU,Public,,,,,,,,,,,,,,,,,,,,,,,,,26.2,,,,,24.7,,,23.0,,,,,23.8,,,25.6,24.9,25.2,25.9,26.2,25.2,26.7,27.2,27.3,27.8,28.5,28.4,28.2,28.2,28.7,28.2,27.7,27.5,28.3,,
A,Annual,DOM,Dominican Republic,WB_ESG_SI_POV_GINI,Gini index,IX,Index,WB_ESG,"Environment, Social & Governance (ESG)",0,Units,A,Normal value,PU,Public,,,,,,,,,,,,,,,,,,,,,,,,47.8,,,50.5,,,51.4,,,,47.4,48.9,,,51.5,50.0,49.7,52.1,52.1,50.0,52.0,48.9,48.1,48.9,47.3,47.7,46.1,47.7,44.3,45.2,45.7,42.2,43.7,41.9,39.6,38.5,37.0,
A,Annual,DZA,Algeria,WB_ESG_SI_POV_GINI,Gini index,IX,Index,WB_ESG,"Environment, Social & Governance (ESG)",0,Units,A,Normal value,PU,Public,,,,,,,,,,,,,,,,,,,,,,,,,,40.2,,,,,,,35.3,,,,,,,,,,,,,,,,27.6,,,,,,,,,,,,
A,Annual,ECU,Ecuador,WB_ESG_SI_POV_GINI,Gini index,IX,Index,WB_ESG,"Environment, Social & Governance (ESG)",0,Units,A,Normal value,PU,Public,,,,,,,,,,,,,,,,,,,,,,,,,50.5,,,,,,,53.4,51.0,,,49.7,58.6,56.4,,,53.5,53.9,53.1,52.3,53.4,49.8,48.5,48.8,45.9,46.1,46.9,45.0,46.0,45.0,44.7,45.4,45.7,47.3,45.8,45.5,
A,Annual,EGY,"Egypt, Arab Rep.",WB_ESG_SI_POV_GINI,Gini index,IX,Index,WB_ESG,"Environment, Social & Governance (ESG)",0,Units,A,Normal value,PU,Public,,,,,,,,,,,,,,,,,,,,,,,,,,,,32.0,,,,,30.1,,,,32.8,,,,,31.8,,,,31.1,,30.2,,28.3,,,31.8,,31.5,,31.9,,,,
A,Annual,ESP,Spain,WB_ESG_SI_POV_GINI,Gini index,IX,Index,WB_ESG,"Environment, Social & Governance (ESG)",0,Units,A,Normal value,PU,Public,,,,,,,,,,,,,,,,,,34.5,,,,,34.4,,,,,32.0,,,35.7,35.1,35.7,36.5,35.3,34.6,33.8,34.1,,,31.8,33.3,32.4,33.5,34.1,34.2,34.9,35.2,35.7,35.4,36.2,36.1,36.2,35.8,34.7,34.7,34.3,34.9,33.9,,
A,Annual,EST,Estonia,WB_ESG_SI_POV_GINI,Gini index,IX,Index,WB_ESG,"Environment, Social & Governance (ESG)",0,Units,A,Normal value,PU,Public,,,,,,,,,,,,,,,,,,,,,,,,,,,,,,,,,,,,,,,,,37.2,33.6,33.4,33.7,31.2,31.9,31.4,32.0,32.5,32.9,35.1,34.6,32.7,31.2,30.4,30.3,30.8,30.7,31.8,,
A,Annual,ETH,Ethiopia,WB_ESG_SI_POV_GINI,Gini index,IX,Index,WB_ESG,"Environment, Social & Governance (ESG)",0,Units,A,Normal value,PU,Public,,,,,,,,,,,,,,,,,,,,,,,,,,,,,,,,,44.6,,,,30.0,,,,,29.8,,,,,,33.2,,,,,35.0,,,,,,,,
A,Annual,FIN,Finland,WB_ESG_SI_POV_GINI,Gini index,IX,Index,WB_ESG,"Environment, Social & Governance (ESG)",0,Units,A,Normal value,PU,Public,,,,,,,,,,,,,,,,,,,,,,,,,22.2,,,,22.9,,,,23.5,,,,,27.2,,,27.7,27.9,27.6,28.0,28.3,27.8,27.5,27.7,27.6,27.1,27.2,26.8,27.1,27.1,27.4,27.3,27.7,27.1,27.7,,
A,Annual,FJI,Fiji,WB_ESG_SI_POV_GINI,Gini index,IX,Index,WB_ESG,"Environment, Social & Governance (ESG)",0,Units,A,Normal value,PU,Public,,,,,,,,,,,,,,,,,,,,,,,,,,,,,,,,,,,,,,,,38.1,,,,,,40.4,,,,,36.7,,,,,,30.7,,,,
A,Annual,FRA,France,WB_ESG_SI_POV_GINI,Gini index,IX,Index,WB_ESG,"Environment, Social & Governance (ESG)",0,Units,A,Normal value,PU,Public,,,,,,,,37.1,,,,,35.9,,,,34.0,,,,,33.4,,,,,,32.1,,,,,,32.0,31.9,31.7,32.5,32.6,32.5,31.8,31.4,30.6,29.8,29.7,32.4,33.0,32.7,33.7,33.3,33.1,32.5,32.3,32.7,31.9,31.6,32.4,31.2,30.7,31.5,,
A,Annual,FSM,"Micronesia, Fed. Sts.",WB_ESG_SI_POV_GINI,Gini index,IX,Index,WB_ESG,"Environment, Social & Governance (ESG)",0,Units,A,Normal value,PU,Public,,,,,,,,,,,,,,,,,,,,,,,,,,,,,,,,,,,,,,,,,,,42.4,,,,,,,,40.1,,,,,,,,,,
A,Annual,GAB,Gabon,WB_ESG_SI_POV_GINI,Gini index,IX,Index,WB_ESG,"Environment, Social & Governance (ESG)",0,Units,A,Normal value,PU,Public,,,,,,,,,,,,,,,,,,,,,,,,,,,,,,,,,,,,,,,,,,,42.2,,,,,,,,,,,,38.0,,,,,,
A,Annual,GBR,United Kingdom,WB_ESG_SI_POV_GINI,Gini index,IX,Index,WB_ESG,"Environment, Social & Governance (ESG)",0,Units,A,Normal value,PU,Public,,,,,,26.8,27.9,28.0,29.3,28.8,28.8,29.0,27.9,27.6,27.1,27.2,27.4,28.5,29.7,29.9,29.8,29.2,30.4,31.9,33.9,34.3,33.4,35.7,35.0,35.0,35.1,36.0,35.5,35.3,35.7,36.6,36.8,38.8,37.1,35.1,34.9,34.8,35.5,35.9,34.4,35.4,35.1,33.7,33.2,33.1,32.7,33.1,33.3,33.1,32.6,33.7,32.8,32.6,32.4,,
A,Annual,GEO,Georgia,WB_ESG_SI_POV_GINI,Gini index,IX,Index,WB_ESG,"Environment, Social & Governance (ESG)",0,Units,A,Normal value,PU,Public,,,,,,,,,,,,,,,,,,,,,,,,,,,,,,,,,,37.1,40.7,41.3,40.1,40.5,39.6,37.2,36.7,36.2,37.4,36.9,38.1,38.5,38.2,39.5,39.6,39.0,38.6,37.6,36.5,36.6,37.9,36.4,35.9,34.5,34.2,,
A,Annual,GHA,Ghana,WB_ESG_SI_POV_GINI,Gini index,IX,Index,WB_ESG,"Environment, Social & Governance (ESG)",0,Units,A,Normal value,PU,Public,,,,,,,,,,,,,,,,,,,,,,,,,35.3,36.0,,,38.4,,,,,,,40.1,,,,,,,42.8,,,,,,,42.4,,,,43.5,,,,,,,
A,Annual,GIN,Guinea,WB_ESG_SI_POV_GINI,Gini index,IX,Index,WB_ESG,"Environment, Social & Governance (ESG)",0,Units,A,Normal value,PU,Public,,,,,,,,,,,,,,,,,,,,,,,,,,,,,46.8,,,46.1,,,,,,,,43.0,,,,,39.4,,,,,33.7,,,,,,29.6,,,,,
A,Annual,GMB,"Gambia, The",WB_ESG_SI_POV_GINI,Gini index,IX,Index,WB_ESG,"Environment, Social & Governance (ESG)",0,Units,A,Normal value,PU,Public,,,,,,,,,,,,,,,,,,,,,,,,,,,,,,,,,,,,48.5,,,,,47.3,,,,,,,43.6,,,,,35.9,,,,,38.8,,,
A,Annual,GNB,Guinea-Bissau,WB_ESG_SI_POV_GINI,Gini index,IX,Index,WB_ESG,"Environment, Social & Governance (ESG)",0,Units,A,Normal value,PU,Public,,,,,,,,,,,,,,,,,,,,,,,,,,,,,,,43.6,,,,,,,,,35.6,,,,,,,,50.7,,,,,,,,34.8,,,33.4,,
A,Annual,GRC,Greece,WB_ESG_SI_POV_GINI,Gini index,IX,Index,WB_ESG,"Environment, Social & Governance (ESG)",0,Units,A,Normal value,PU,Public,,,,,,,,,,,,,,,,,,,,,,,,,,,,,,,,,37.0,,,,,34.2,,,32.8,33.6,34.6,35.1,34.0,33.6,33.6,34.1,34.8,36.3,36.1,35.8,36.0,35.0,34.4,32.9,33.1,33.6,32.9,,
A,Annual,GRD,Grenada,WB_ESG_SI_POV_GINI,Gini index,IX,Index,WB_ESG,"Environment, Social & Governance (ESG)",0,Units,A,Normal value,PU,Public,,,,,,,,,,,,,,,,,,,,,,,,,,,,,,,,,,,,,,,,,,,,,,,,,,,,,,,,43.8,,,,,
A,Annual,GTM,Guatemala,WB_ESG_SI_POV_GINI,Gini index,IX,Index,WB_ESG,"Environment, Social & Governance (ESG)",0,Units,A,Normal value,PU,Public,,,,,,,,,,,,,,,,,,,,,,,,58.3,,,59.6,,,,,,,,,,,54.2,,,,,,54.6,,,,,,,,48.3,,,,,,,,,
A,Annual,GUY,Guyana,WB_ESG_SI_POV_GINI,Gini index,IX,Index,WB_ESG,"Environment, Social & Governance (ESG)",0,Units,A,Normal value,PU,Public,,,,,,,,,,,,,,,,,,,,,,,,,,,,,,,,,,,,45.1,,,,,,,,,,,,,,,,,,,,,,,,,
A,Annual,HND,Honduras,WB_ESG_SI_POV_GINI,Gini index,IX,Index,WB_ESG,"Environment, Social & Governance (ESG)",0,Units,A,Normal value,PU,Public,,,,,,,,,,,,,,,,,,,,,,,,,,,59.5,57.4,51.9,51.8,53.5,55.0,55.5,55.7,52.7,57.4,55.4,,55.4,55.7,58.1,58.1,59.5,57.5,55.8,55.5,51.3,53.1,52.6,53.4,50.0,49.9,49.2,49.8,49.4,48.9,48.2,,,,
A,Annual,HRV,Croatia,WB_ESG_SI_POV_GINI,Gini index,IX,Index,WB_ESG,"Environment, Social & Governance (ESG)",0,Units,A,Normal value,PU,Public,,,,,,,,,,,,,,,,,,,,,,,,,,,,,,,,,,,,,,,,,,,,,,,32.6,32.4,32.3,32.5,32.0,32.1,31.1,30.9,30.4,29.7,28.9,29.5,28.9,,
A,Annual,HTI,Haiti,WB_ESG_SI_POV_GINI,Gini index,IX,Index,WB_ESG,"Environment, Social & Governance (ESG)",0,Units,A,Normal value,PU,Public,,,,,,,,,,,,,,,,,,,,,,,,,,,,,,,,,,,,,,,,,,,,,,,,,,41.1,,,,,,,,,,,
A,Annual,HUN,Hungary,WB_ESG_SI_POV_GINI,Gini index,IX,Index,WB_ESG,"Environment, Social & Governance (ESG)",0,Units,A,Normal value,PU,Public,,,,,,,,,,,,,,,,,,,,,,,,,,,,,,,,,,,,,,,,,,29.9,34.7,28.3,27.9,27.5,27.0,29.4,29.2,30.8,31.5,30.9,30.4,30.3,30.6,29.6,30.0,29.7,29.2,,
A,Annual,IDN,Indonesia,WB_ESG_SI_POV_GINI,Gini index,IX,Index,WB_ESG,"Environment, Social & Governance (ESG)",0,Units,A,Normal value,PU,Public,,,,,,,,,,,,,,,,,,,,,,33.5,,,31.4,,,32.3,,,33.2,,,35.6,,32.2,32.1,29.5,30.0,32.8,33.0,33.9,34.1,35.3,36.7,36.1,36.0,37.2,40.5,40.5,40.8,40.2,40.4,39.3,38.8,38.4,37.6,37.6,37.9,37.9,38.3
A,Annual,IND,India,WB_ESG_SI_POV_GINI,Gini index,IX,Index,WB_ESG,"Environment, Social & Governance (ESG)",0,Units,A,Normal value,PU,Public,,,,,,,,,,,,,,,33.2,,,,,,32.0,,,,32.5,,,,,,31.6,,,,,,,,,,,34.0,,,,,34.9,,35.4,,,,34.7,34.7,35.9,34.5,33.8,33.8,32.8,,
A,Annual,IRL,Ireland,WB_ESG_SI_POV_GINI,Gini index,IX,Index,WB_ESG,"Environment, Social & Governance (ESG)",0,Units,A,Normal value,PU,Public,,,,,,,,,,,,,,,,,,,,,,,,,35.5,,,,,,,36.9,37.0,35.6,,,,33.0,,32.3,32.9,33.6,33.8,32.7,31.9,30.9,32.7,32.3,32.9,33.2,33.5,31.9,31.8,32.8,31.4,30.6,30.8,29.2,30.1,,
A,Annual,IRN,"Iran, Islamic Rep.",WB_ESG_SI_POV_GINI,Gini index,IX,Index,WB_ESG,"Environment, Social & Governance (ESG)",0,Units,A,Normal value,PU,Public,,,,,,,,,,,,,,,,,,,,,,,,47.4,,,,43.6,,,,43.0,,,,44.1,,,,,,,43.6,44.8,,,42.1,,34.7,34.4,34.0,34.8,35.3,35.9,36.7,37.4,36.5,35.8,35.5,34.8,
A,Annual,IRQ,Iraq,WB_ESG_SI_POV_GINI,Gini index,IX,Index,WB_ESG,"Environment, Social & Governance (ESG)",0,Units,A,Normal value,PU,Public,,,,,,,,,,,,,,,,,,,,,,,,,,,,,,,,,,,,,,,,,,,,28.6,,,,,,29.5,,,,,,,,,,,
A,Annual,ISL,Iceland,WB_ESG_SI_POV_GINI,Gini index,IX,Index,WB_ESG,"Environment, Social & Governance (ESG)",0,Units,A,Normal value,PU,Public,,,,,,,,,,,,,,,,,,,,,,,,,,,,,,,,,,,,,,,,,26.8,28.0,29.0,30.2,29.5,31.8,28.7,26.2,26.8,26.8,25.4,27.8,26.8,27.2,26.1,,,,,,
A,Annual,ISR,Israel,WB_ESG_SI_POV_GINI,Gini index,IX,Index,WB_ESG,"Environment, Social & Governance (ESG)",0,Units,A,Normal value,PU,Public,,,,,,,,,,,,,,,,,36.3,,,,,,,36.5,,,,,,35.5,,,,,38.1,,,,38.9,39.6,40.7,41.5,42.3,41.6,41.1,41.6,42.6,42.6,41.4,41.3,39.9,39.8,39.7,39.0,38.2,38.6,38.3,37.8,37.9,,
A,Annual,ITA,Italy,WB_ESG_SI_POV_GINI,Gini index,IX,Index,WB_ESG,"Environment, Social & Governance (ESG)",0,Units,A,Normal value,PU,Public,,,,,,,,,,,,,,,34.0,33.3,33.3,32.9,31.6,29.2,29.8,31.3,,31.2,34.2,,32.1,,31.1,,35.1,,35.2,,,36.7,,35.3,,34.7,34.9,34.3,33.8,33.7,32.9,33.8,33.8,34.7,35.1,35.2,34.9,34.7,35.4,35.2,35.9,35.2,34.6,35.2,34.8,,
A,Annual,JAM,Jamaica,WB_ESG_SI_POV_GINI,Gini index,IX,Index,WB_ESG,"Environment, Social & Governance (ESG)",0,Units,A,Normal value,PU,Public,,,,,,,,,,,,,,,,,,,,,,,,,,43.2,,41.1,,,35.7,,,40.4,,,44.1,,,48.3,,45.5,,,,,,,,,,,,,,35.6,,,40.2,,
A,Annual,JOR,Jordan,WB_ESG_SI_POV_GINI,Gini index,IX,Index,WB_ESG,"Environment, Social & Governance (ESG)",0,Units,A,Normal value,PU,Public,,,,,,,,,,,,,,,,,,,,,,,,36.1,,,,,,43.4,,,,,36.4,,,,,37.0,,,,33.9,,32.6,,33.7,,,,,,,,,,,,,
A,Annual,JPN,Japan,WB_ESG_SI_POV_GINI,Gini index,IX,Index,WB_ESG,"Environment, Social & Governance (ESG)",0,Units,A,Normal value,PU,Public,,,,,,,,,,,,,,,,,,,,,,,,,,,,,,,,,,,,,,,,,,,,,,34.8,,32.1,,,32.9,,,,,,,,,,
A,Annual,KAZ,Kazakhstan,WB_ESG_SI_POV_GINI,Gini index,IX,Index,WB_ESG,"Environment, Social & Governance (ESG)",0,Units,A,Normal value,PU,Public,,,,,,,,,,,,,,,,,,,,,,,,,,,,,,,,,,35.4,,,,,36.0,34.8,33.7,31.8,39.8,30.2,30.1,28.5,28.2,28.0,28.0,28.2,27.1,27.0,26.8,27.2,27.5,27.8,28.0,28.7,29.2,,
A,Annual,KEN,Kenya,WB_ESG_SI_POV_GINI,Gini index,IX,Index,WB_ESG,"Environment, Social & Governance (ESG)",0,Units,A,Normal value,PU,Public,,,,,,,,,,,,,,,,,,,,,,,,,,,,,,57.5,,43.1,,,45.0,,,,,,,,46.5,,,,,,,,,,40.8,,,,,36.2,38.7,,
A,Annual,KGZ,Kyrgyz Republic,WB_ESG_SI_POV_GINI,Gini index,IX,Index,WB_ESG,"Environment, Social & Governance (ESG)",0,Units,A,Normal value,PU,Public,,,,,,,,,,,,,,,,,,,,,,,,,,,,,,,,,,,,,,31.0,30.2,30.3,28.7,34.8,32.6,37.4,33.9,31.5,29.9,30.1,27.8,27.4,28.8,26.8,29.0,26.8,27.3,27.7,29.7,29.0,28.8,,
A,Annual,KIR,Kiribati,WB_ESG_SI_POV_GINI,Gini index,IX,Index,WB_ESG,"Environment, Social & Governance (ESG)",0,Units,A,Normal value,PU,Public,,,,,,,,,,,,,,,,,,,,,,,,,,,,,,,,,,,,,,,,,,,,37.0,,,,,,,,,,,,,27.8,,,,
A,Annual,KOR,"Korea, Rep.",WB_ESG_SI_POV_GINI,Gini index,IX,Index,WB_ESG,"Environment, Social & Governance (ESG)",0,Units,A,Normal value,PU,Public,,,,,,,,,,,,,,,,,,,,,,,,,,,,,,,,,,,,,,,,,,,,31.7,,32.3,,32.0,,31.6,,31.2,,31.4,,,,,,,
A,Annual,LAO,Lao PDR,WB_ESG_SI_POV_GINI,Gini index,IX,Index,WB_ESG,"Environment, Social & Governance (ESG)",0,Units,A,Normal value,PU,Public,,,,,,,,,,,,,,,,,,,,,,,,,,,,,,34.3,,,,,34.9,,,,,32.6,,,,,35.4,,,,,36.0,,,,,,38.8,,,,,
A,Annual,LBN,Lebanon,WB_ESG_SI_POV_GINI,Gini index,IX,Index,WB_ESG,"Environment, Social & Governance (ESG)",0,Units,A,Normal value,PU,Public,,,,,,,,,,,,,,,,,,,,,,,,,,,,,,,,,,,,,,,,,,,,,,,,,31.8,,,,,,,,,,,,
A,Annual,LBR,Liberia,WB_ESG_SI_POV_GINI,Gini index,IX,Index,WB_ESG,"Environment, Social & Governance (ESG)",0,Units,A,Normal value,PU,Public,,,,,,,,,,,,,,,,,,,,,,,,,,,,,,,,,,,,,,,,,,,,,36.5,,,,,,,33.2,,35.3,,,,,,,
A,Annual,LCA,St. Lucia,WB_ESG_SI_POV_GINI,Gini index,IX,Index,WB_ESG,"Environment, Social & Governance (ESG)",0,Units,A,Normal value,PU,Public,,,,,,,,,,,,,,,,,,,,,,,,,,,,,,,,,,,,,,,,,,,,,,,,,,,,,43.7,,,,,,,,
A,Annual,LKA,Sri Lanka,WB_ESG_SI_POV_GINI,Gini index,IX,Index,WB_ESG,"Environment, Social & Governance (ESG)",0,Units,A,Normal value,PU,Public,,,,,,,,,,,,,,,,,,,,,,,32.5,,,,,32.4,,,,,35.4,,,,,,,40.2,,,,39.7,,,36.1,,,38.7,,,,39.3,,,37.7,,,,
A,Annual,LSO,Lesotho,WB_ESG_SI_POV_GINI,Gini index,IX,Index,WB_ESG,"Environment, Social & Governance (ESG)",0,Units,A,Normal value,PU,Public,,,,,,,,,,,,,,,,,,,,,,,,56.0,,,,,,,,63.2,,,,,,,,51.6,,,,,,,,,,,,,,,44.9,,,,,,
A,Annual,LTU,Lithuania,WB_ESG_SI_POV_GINI,Gini index,IX,Index,WB_ESG,"Environment, Social & Governance (ESG)",0,Units,A,Normal value,PU,Public,,,,,,,,,,,,,,,,,,,,,,,,,,,,,,,,,,,,,,,,,,37.0,35.3,34.4,34.8,35.7,37.2,33.6,32.5,35.1,35.3,37.7,37.4,38.4,37.3,35.7,35.3,36.0,36.7,,
A,Annual,LUX,Luxembourg,WB_ESG_SI_POV_GINI,Gini index,IX,Index,WB_ESG,"Environment, Social & Governance (ESG)",0,Units,A,Normal value,PU,Public,,,,,,,,,,,,,,,,,,,,,,,26.3,28.1,29.5,28.8,30.8,27.7,27.2,27.3,27.0,28.1,28.3,29.0,29.6,30.6,30.0,30.1,30.9,31.0,30.2,30.2,30.8,30.9,31.1,32.6,31.2,30.5,32.1,34.3,32.0,31.2,32.9,31.7,34.5,35.4,34.2,33.4,32.7,,
A,Annual,LVA,Latvia,WB_ESG_SI_POV_GINI,Gini index,IX,Index,WB_ESG,"Environment, Social & Governance (ESG)",0,Units,A,Normal value,PU,Public,,,,,,,,,,,,,,,,,,,,,,,,,,,,,,,,,,,,,,,,,,36.4,39.0,35.6,37.5,37.2,36.0,35.0,35.8,35.2,35.5,35.1,34.2,34.3,35.6,35.1,34.5,35.7,34.3,,
A,Annual,MAR,Morocco,WB_ESG_SI_POV_GINI,Gini index,IX,Index,WB_ESG,"Environment, Social & Governance (ESG)",0,Units,A,Normal value,PU,Public,,,,,,,,,,,,,,,,,,,,,,39.2,,,,,,39.2,,,,,,,,39.4,,40.6,,,,,,40.7,,,,,,,39.5,,,,,,,,,,
A,Annual,MDA,Moldova,WB_ESG_SI_POV_GINI,Gini index,IX,Index,WB_ESG,"Environment, Social & Governance (ESG)",0,Units,A,Normal value,PU,Public,,,,,,,,,,,,,,,,,,,,,,,,,,,,,,,,,,,36.9,39.5,42.6,36.4,38.0,35.8,34.9,35.0,36.3,35.4,34.4,34.7,32.9,32.1,30.6,29.2,28.5,26.8,27.0,26.3,25.9,25.7,26.0,,25.7,,
A,Annual,MDG,Madagascar,WB_ESG_SI_POV_GINI,Gini index,IX,Index,WB_ESG,"Environment, Social & Governance (ESG)",0,Units,A,Normal value,PU,Public,,,,,,,,,,,,,,,,,,46.8,,,,,,,,,,,,,45.3,,,,39.5,,38.6,,47.4,,,,39.9,,,,,42.4,,42.6,,,,,,,,,,,
A,Annual,MDV,Maldives,WB_ESG_SI_POV_GINI,Gini index,IX,Index,WB_ESG,"Environment, Social & Governance (ESG)",0,Units,A,Normal value,PU,Public,,,,,,,,,,,,,,,,,,,,,,,,,,,,,,,,,,,,,,,,41.3,,,,,,,38.4,,,,,,,31.3,,,29.3,,,,
A,Annual,MEX,Mexico,WB_ESG_SI_POV_GINI,Gini index,IX,Index,WB_ESG,"Environment, Social & Governance (ESG)",0,Units,A,Normal value,PU,Public,,,,,,,,,,,,,,,,,,,,,,,,,,,50.1,,,52.3,,53.4,,52.0,,53.3,,53.4,,50.6,,50.3,50.9,49.7,,50.8,,47.7,,49.6,,48.9,,46.9,,46.0,,44.6,,43.5,
A,Annual,MHL,Marshall Islands,WB_ESG_SI_POV_GINI,Gini index,IX,Index,WB_ESG,"Environment, Social & Governance (ESG)",0,Units,A,Normal value,PU,Public,,,,,,,,,,,,,,,,,,,,,,,,,,,,,,,,,,,,,,,,,,,,,,,,,,,,,,,,,35.5,,,,
A,Annual,MKD,North Macedonia,WB_ESG_SI_POV_GINI,Gini index,IX,Index,WB_ESG,"Environment, Social & Governance (ESG)",0,Units,A,Normal value,PU,Public,,,,,,,,,,,,,,,,,,,,,,,,,,,,,,,,,,,,,,,,,,,,,,,42.8,40.2,39.4,38.1,36.2,35.2,35.6,34.5,34.2,33.0,33.5,,,,
A,Annual,MLI,Mali,WB_ESG_SI_POV_GINI,Gini index,IX,Index,WB_ESG,"Environment, Social & Governance (ESG)",0,Units,A,Normal value,PU,Public,,,,,,,,,,,,,,,,,,,,,,,,,,,,,,,,50.4,,,,,,,39.9,,,,,38.9,,,33.0,,,,,,,,,36.0,,,35.7,,
A,Annual,MLT,Malta,WB_ESG_SI_POV_GINI,Gini index,IX,Index,WB_ESG,"Environment, Social & Governance (ESG)",0,Units,A,Normal value,PU,Public,,,,,,,,,,,,,,,,,,,,,,,,,,,,,,,,,,,,,,,,,,,,28.0,29.2,29.0,30.2,29.0,29.1,29.4,28.8,29.0,29.4,29.1,29.2,28.7,31.0,31.4,,,
A,Annual,MMR,Myanmar,WB_ESG_SI_POV_GINI,Gini index,IX,Index,WB_ESG,"Environment, Social & Governance (ESG)",0,Units,A,Normal value,PU,Public,,,,,,,,,,,,,,,,,,,,,,,,,,,,,,,,,,,,,,,,,,,,,,,,,,,,,38.1,,30.7,,,,,,
A,Annual,MNE,Montenegro,WB_ESG_SI_POV_GINI,Gini index,IX,Index,WB_ESG,"Environment, Social & Governance (ESG)",0,Units,A,Normal value,PU,Public,,,,,,,,,,,,,,,,,,,,,,,,,,,,,,,,,,,,,,,,,,,,,,,,,,41.2,39.0,38.8,39.0,38.5,36.9,36.8,35.7,35.4,34.3,,
A,Annual,MNG,Mongolia,WB_ESG_SI_POV_GINI,Gini index,IX,Index,WB_ESG,"Environment, Social & Governance (ESG)",0,Units,A,Normal value,PU,Public,,,,,,,,,,,,,,,,,,,,,,,,,,,,,,,,,33.2,,,30.3,,,,32.9,,,,,35.8,,,33.1,33.9,33.8,,32.0,,32.3,,32.7,,,,31.4,
A,Annual,MOZ,Mozambique,WB_ESG_SI_POV_GINI,Gini index,IX,Index,WB_ESG,"Environment, Social & Governance (ESG)",0,Units,A,Normal value,PU,Public,,,,,,,,,,,,,,,,,,,,,,,,,,,,,,,,,,53.6,,,,,,47.0,,,,,,45.6,,,,,,54.0,,,,,50.5,,,,
A,Annual,MRT,Mauritania,WB_ESG_SI_POV_GINI,Gini index,IX,Index,WB_ESG,"Environment, Social & Governance (ESG)",0,Units,A,Normal value,PU,Public,,,,,,,,,,,,,,,,,,,,,,,,,43.9,,,,,,50.1,,37.7,,,,,39.0,,,,40.2,,,,35.7,,,,,,32.6,,,,,32.0,,,,
A,Annual,MUS,Mauritius,WB_ESG_SI_POV_GINI,Gini index,IX,Index,WB_ESG,"Environment, Social & Governance (ESG)",0,Units,A,Normal value,PU,Public,,,,,,,,,,,,,,,,,,,,,,,,,,,,,,,,,,,,,,,,,,,,35.7,,,,,,38.5,,,,,36.8,,,,,,
A,Annual,MWI,Malawi,WB_ESG_SI_POV_GINI,Gini index,IX,Index,WB_ESG,"Environment, Social & Governance (ESG)",0,Units,A,Normal value,PU,Public,,,,,,,,,,,,,,,,,,,,,,,,,,,,,,,,,,,65.8,,,,,,,39.9,,,,,,45.5,,,,,,44.7,,,38.5,,,,
A,Annual,MYS,Malaysia,WB_ESG_SI_POV_GINI,Gini index,IX,Index,WB_ESG,"Environment, Social & Governance (ESG)",0,Units,A,Normal value,PU,Public,,,,,,,,,,,,,,,,,,,,,,48.6,,,47.0,,46.2,,,47.7,,,48.5,,49.1,,,,,,46.4,,,44.8,,45.5,,,43.9,,41.3,,41.1,,,41.2,,,40.7,,
A,Annual,NAM,Namibia,WB_ESG_SI_POV_GINI,Gini index,IX,Index,WB_ESG,"Environment, Social & Governance (ESG)",0,Units,A,Normal value,PU,Public,,,,,,,,,,,,,,,,,,,,,,,,,,,,,,,,,,,,,,,,,63.3,,,,,,61.0,,,,,,59.1,,,,,,,,
A,Annual,NER,Niger,WB_ESG_SI_POV_GINI,Gini index,IX,Index,WB_ESG,"Environment, Social & Governance (ESG)",0,Units,A,Normal value,PU,Public,,,,,,,,,,,,,,,,,,,,,,,,,,,,,,36.1,,41.5,,,,,,,,,,,44.4,,37.3,,,,31.5,,,34.3,,,,37.3,,,32.9,,
A,Annual,NGA,Nigeria,WB_ESG_SI_POV_GINI,Gini index,IX,Index,WB_ESG,"Environment, Social & Governance (ESG)",0,Units,A,Normal value,PU,Public,,,,,,,,,,,,,,,,,,,,,,,38.7,,,,,,,45.0,,,,51.9,,,,,,,40.1,,,,,,,35.7,,35.5,,,35.9,,,35.1,,,,,
A,Annual,NIC,Nicaragua,WB_ESG_SI_POV_GINI,Gini index,IX,Index,WB_ESG,"Environment, Social & Governance (ESG)",0,Units,A,Normal value,PU,Public,,,,,,,,,,,,,,,,,,,,,,,,,,,,,,,57.4,,,,,54.4,,,52.9,,,,48.8,,,,43.9,,,,,46.2,,,,,,,,,
A,Annual,NLD,Netherlands,WB_ESG_SI_POV_GINI,Gini index,IX,Index,WB_ESG,"Environment, Social & Governance (ESG)",0,Units,A,Normal value,PU,Public,,,,,,,,,,,,,,,,,,,,,28.4,,,,26.8,,,31.1,,,30.4,,,,,,28.1,,,,,29.8,29.0,30.0,29.6,29.3,27.9,27.8,27.8,27.6,28.1,28.6,28.2,28.2,28.5,28.1,29.2,26.0,25.7,,
A,Annual,NOR,Norway,WB_ESG_SI_POV_GINI,Gini index,IX,Index,WB_ESG,"Environment, Social & Governance (ESG)",0,Units,A,Normal value,PU,Public,,,,,,,,,,,,,,,,,26.9,,,,,,,24.6,,,,,25.2,,,,26.0,,,,,27.4,,,27.6,31.6,30.6,26.4,27.1,27.0,26.2,25.7,25.3,25.7,26.4,26.8,27.5,28.5,27.0,27.6,27.7,,,,
A,Annual,NPL,Nepal,WB_ESG_SI_POV_GINI,Gini index,IX,Index,WB_ESG,"Environment, Social & Governance (ESG)",0,Units,A,Normal value,PU,Public,,,,,,,,,,,,,,,,,,,,,,,,,,,,,,,,,35.2,,,,,,,,43.8,,,,,,,32.8,,,,,,,,,,,,,
A,Annual,NRU,Nauru,WB_ESG_SI_POV_GINI,Gini index,IX,Index,WB_ESG,"Environment, Social & Governance (ESG)",0,Units,A,Normal value,PU,Public,,,,,,,,,,,,,,,,,,,,,,,,,,,,,,,,,,,,,,,,,,,,,,,,,,32.4,,,,,,,,,,,
A,Annual,PAK,Pakistan,WB_ESG_SI_POV_GINI,Gini index,IX,Index,WB_ESG,"Environment, Social & Governance (ESG)",0,Units,A,Normal value,PU,Public,,,,,,,,,,,,,,,,,,,,,,,,,33.3,,,33.2,,,,,,28.7,,33.1,,,28.7,,,30.9,31.3,,29.7,,,28.8,29.7,,29.5,,31.3,,,29.6,,,,,
A,Annual,PAN,Panama,WB_ESG_SI_POV_GINI,Gini index,IX,Index,WB_ESG,"Environment, Social & Governance (ESG)",0,Units,A,Normal value,PU,Public,,,,,,,,,,,,,,,,,48.7,,,,,,,,,,58.9,,58.2,,,,57.8,,58.2,57.5,56.5,56.6,56.7,56.1,55.7,54.8,53.8,54.6,52.7,52.7,51.8,51.6,51.3,51.7,51.5,50.5,50.8,50.4,49.9,49.2,49.8,,50.9,,48.9
A,Annual,PER,Peru,WB_ESG_SI_POV_GINI,Gini index,IX,Index,WB_ESG,"Environment, Social & Governance (ESG)",0,Units,A,Normal value,PU,Public,,,,,,,,,,,,,,,,,,,,,,,,,,,,,,,,,,,53.3,55.1,54.8,49.1,51.3,53.6,53.1,49.9,50.5,50.3,50.0,47.5,47.0,45.5,44.7,44.4,43.9,43.1,43.4,43.6,43.3,42.4,41.5,43.7,40.1,40.3,
A,Annual,PHL,Philippines,WB_ESG_SI_POV_GINI,Gini index,IX,Index,WB_ESG,"Environment, Social & Governance (ESG)",0,Units,A,Normal value,PU,Public,,,,,,,,,,,,,,,,,,,,,,,,,,,,,,,,,,,,,,47.7,,,46.6,,,47.2,,,46.3,,,46.5,,,44.6,,,42.3,,,40.7,,
A,Annual,PNG,Papua New Guinea,WB_ESG_SI_POV_GINI,Gini index,IX,Index,WB_ESG,"Environment, Social & Governance (ESG)",0,Units,A,Normal value,PU,Public,,,,,,,,,,,,,,,,,,,,,,,,,,,,,,,,,,45.8,,,,,,,,,,,,,41.9,,,,,,,,,,,,,,
A,Annual,POL,Poland,WB_ESG_SI_POV_GINI,Gini index,IX,Index,WB_ESG,"Environment, Social & Governance (ESG)",0,Units,A,Normal value,PU,Public,,,,,,,,,,,,,,,,,,,,,,,,,,,,,,,,,,,,,,,,,,38.0,35.8,34.7,34.0,33.5,33.4,33.2,33.2,33.0,33.1,32.8,31.8,31.2,29.7,30.2,28.8,28.5,28.5,,
A,Annual,PRT,Portugal,WB_ESG_SI_POV_GINI,Gini index,IX,Index,WB_ESG,"Environment, Social & Governance (ESG)",0,Units,A,Normal value,PU,Public,,,,,,,,,,,,,,,,,,,,,,,,,,,,,,,,,,,,,,,,,38.8,38.9,38.5,38.1,36.8,36.6,34.9,35.8,36.3,36.0,36.2,35.6,35.5,35.2,33.8,33.5,32.8,34.7,34.6,,
A,Annual,PRY,Paraguay,WB_ESG_SI_POV_GINI,Gini index,IX,Index,WB_ESG,"Environment, Social & Governance (ESG)",0,Units,A,Normal value,PU,Public,,,,,,,,,,,,,,,,,,,,,,,,,,,,40.8,,,,,58.2,,54.9,,54.6,,54.6,57.3,54.9,52.3,51.4,53.0,53.0,50.7,49.1,51.0,52.3,47.6,47.9,50.7,47.6,47.9,48.5,46.0,45.7,43.5,42.9,45.1,
A,Annual,ROU,Romania,WB_ESG_SI_POV_GINI,Gini index,IX,Index,WB_ESG,"Environment, Social & Governance (ESG)",0,Units,A,Normal value,PU,Public,,,,,,,,,,,,,,,,,,,,,,,,,,,,,,,,,,,,,,,,,,,,39.6,37.5,36.4,35.6,35.5,35.9,36.5,36.9,36.0,35.9,34.4,36.0,35.8,34.8,34.6,33.9,,
A,Annual,RUS,Russian Federation,WB_ESG_SI_POV_GINI,Gini index,IX,Index,WB_ESG,"Environment, Social & Governance (ESG)",0,Units,A,Normal value,PU,Public,,,,,,,,,,,,,,,,,,,,,,,,,,,,,,,,,,,38.4,38.1,37.4,37.1,36.9,37.3,40.0,40.3,41.3,41.0,42.3,41.6,39.8,39.5,39.7,40.7,40.9,39.9,37.7,36.8,37.2,37.5,37.7,36.0,,,
A,Annual,RWA,Rwanda,WB_ESG_SI_POV_GINI,Gini index,IX,Index,WB_ESG,"Environment, Social & Governance (ESG)",0,Units,A,Normal value,PU,Public,,,,,,,,,,,,,,,,,,,,,,,,,,,,,,,,,,,,,,48.5,,,,,52.0,,,,,47.2,,,45.1,,,43.7,,,,,,,
A,Annual,SDN,Sudan,WB_ESG_SI_POV_GINI,Gini index,IX,Index,WB_ESG,"Environment, Social & Governance (ESG)",0,Units,A,Normal value,PU,Public,,,,,,,,,,,,,,,,,,,,,,,,,,,,,,,,,,,,,,,,,,,,,,,35.4,,,,,34.2,,,,,,,,,
A,Annual,SEN,Senegal,WB_ESG_SI_POV_GINI,Gini index,IX,Index,WB_ESG,"Environment, Social & Governance (ESG)",0,Units,A,Normal value,PU,Public,,,,,,,,,,,,,,,,,,,,,,,,,,,,,54.1,,,41.4,,,,,,,41.2,,,,39.2,,,,,,40.3,,,,,,,38.3,,,36.2,,
A,Annual,SLB,Solomon Islands,WB_ESG_SI_POV_GINI,Gini index,IX,Index,WB_ESG,"Environment, Social & Governance (ESG)",0,Units,A,Normal value,PU,Public,,,,,,,,,,,,,,,,,,,,,,,,,,,,,,,,,,,,,,,,,,,46.1,,,,,,,37.1,,,,,,,,,,,
A,Annual,SLE,Sierra Leone,WB_ESG_SI_POV_GINI,Gini index,IX,Index,WB_ESG,"Environment, Social & Governance (ESG)",0,Units,A,Normal value,PU,Public,,,,,,,,,,,,,,,,,,,,,,,,,,,,,,,,,,,,,,,,,40.2,,,,,,,,34.0,,,,,,,35.7,,,,,
A,Annual,SLV,El Salvador,WB_ESG_SI_POV_GINI,Gini index,IX,Index,WB_ESG,"Environment, Social & Governance (ESG)",0,Units,A,Normal value,PU,Public,,,,,,,,,,,,,,,,,,,,,,,,,,,,,54.0,,,,49.9,51.0,,54.5,52.2,51.5,51.4,51.9,50.5,47.8,48.5,45.7,45.2,46.9,45.8,43.5,42.3,41.8,43.4,41.6,40.6,40.0,38.0,38.6,38.8,,39.0,38.8,
A,Annual,SRB,Serbia,WB_ESG_SI_POV_GINI,Gini index,IX,Index,WB_ESG,"Environment, Social & Governance (ESG)",0,Units,A,Normal value,PU,Public,,,,,,,,,,,,,,,,,,,,,,,,,,,,,,,,,,,,,,,,,,,,,,,,,,39.9,39.5,40.5,40.5,38.8,36.2,35.0,34.5,35.0,33.1,,
A,Annual,SSD,South Sudan,WB_ESG_SI_POV_GINI,Gini index,IX,Index,WB_ESG,"Environment, Social & Governance (ESG)",0,Units,A,Normal value,PU,Public,,,,,,,,,,,,,,,,,,,,,,,,,,,,,,,,,,,,,,,,,,,,,,,46.3,,,,,,,44.1,,,,,,,
A,Annual,STP,Sao Tome and Principe,WB_ESG_SI_POV_GINI,Gini index,IX,Index,WB_ESG,"Environment, Social & Governance (ESG)",0,Units,A,Normal value,PU,Public,,,,,,,,,,,,,,,,,,,,,,,,,,,,,,,,,,,,,,32.1,,,,,,,,,,30.8,,,,,,,40.7,,,,,,
A,Annual,SUR,Suriname,WB_ESG_SI_POV_GINI,Gini index,IX,Index,WB_ESG,"Environment, Social & Governance (ESG)",0,Units,A,Normal value,PU,Public,,,,,,,,,,,,,,,,,,,,,,,,,,,,,,,,,,,,,,,,,,,,,,,,,,,,,,,,,,,,39.2,
A,Annual,SVK,Slovak Republic,WB_ESG_SI_POV_GINI,Gini index,IX,Index,WB_ESG,"Environment, Social & Governance (ESG)",0,Units,A,Normal value,PU,Public,,,,,,,,,,,,,,,,,,,,,,,,,,,,,,,,,,,,,,,,,,27.1,29.3,25.8,24.7,26.0,27.2,27.3,26.5,26.1,28.1,26.1,26.5,25.2,23.2,25.0,23.2,24.2,24.1,,
A,Annual,SVN,Slovenia,WB_ESG_SI_POV_GINI,Gini index,IX,Index,WB_ESG,"Environment, Social & Governance (ESG)",0,Units,A,Normal value,PU,Public,,,,,,,,,,,,,,,,,,,,,,,,,,,,,,,,,,,,,,,,,,24.8,24.6,24.4,24.4,23.7,24.8,24.9,24.9,25.6,26.2,25.7,25.4,24.8,24.2,24.6,24.4,24.0,24.3,,
A,Annual,SWE,Sweden,WB_ESG_SI_POV_GINI,Gini index,IX,Index,WB_ESG,"Environment, Social & Governance (ESG)",0,Units,A,Normal value,PU,Public,,,,,,,,,,,,,24.3,,,,,,22.9,,,,,,23.1,,,,,24.9,,,25.2,,,,,27.0,26.5,26.2,25.3,26.1,26.8,26.4,27.1,28.1,27.3,27.7,27.6,27.6,28.8,28.4,29.2,29.6,28.8,30.0,29.3,28.9,29.8,,
A,Annual,SWZ,Eswatini,WB_ESG_SI_POV_GINI,Gini index,IX,Index,WB_ESG,"Environment, Social & Governance (ESG)",0,Units,A,Normal value,PU,Public,,,,,,,,,,,,,,,,,,,,,,,,,,,,,,,,60.5,,,,,,53.1,,,,,,,,,51.5,,,,,,,54.6,,,,,,,
A,Annual,SYC,Seychelles,WB_ESG_SI_POV_GINI,Gini index,IX,Index,WB_ESG,"Environment, Social & Governance (ESG)",0,Units,A,Normal value,PU,Public,,,,,,,,,,,,,,,,,,,,,,,,,,,,,,,,,,,,,,,,,,,,,,,,,,,46.8,,,,,32.1,,,,,
A,Annual,SYR,Syrian Arab Republic,WB_ESG_SI_POV_GINI,Gini index,IX,Index,WB_ESG,"Environment, Social & Governance (ESG)",0,Units,A,Normal value,PU,Public,,,,,,,,,,,,,,,,,,,,,,,,,,,,,,,,,,35.2,,,,,,,37.5,,,40.1,,,40.4,,,,,,,,,,,,,26.6,
A,Annual,TCD,Chad,WB_ESG_SI_POV_GINI,Gini index,IX,Index,WB_ESG,"Environment, Social & Governance (ESG)",0,Units,A,Normal value,PU,Public,,,,,,,,,,,,,,,,,,,,,,,,,,,,,,,,,,,,,,,,,39.8,,,,,,,,43.3,,,,,,,37.5,,,,37.4,
A,Annual,TGO,Togo,WB_ESG_SI_POV_GINI,Gini index,IX,Index,WB_ESG,"Environment, Social & Governance (ESG)",0,Units,A,Normal value,PU,Public,,,,,,,,,,,,,,,,,,,,,,,,,,,,,,,,,,,,,,,,,,,,42.2,,,,,46.0,,,,43.1,,,42.5,,,37.9,,
A,Annual,THA,Thailand,WB_ESG_SI_POV_GINI,Gini index,IX,Index,WB_ESG,"Environment, Social & Governance (ESG)",0,Units,A,Normal value,PU,Public,,,,,,,,,,,,,,,,,,,45.2,,,,,,,43.8,,45.3,,47.9,,43.5,,42.9,,41.5,43.1,42.8,,41.9,,42.5,,41.8,39.8,40.3,39.6,39.4,37.5,39.3,37.8,37.0,36.0,36.9,36.4,36.4,34.9,35.0,34.9,,
A,Annual,TJK,Tajikistan,WB_ESG_SI_POV_GINI,Gini index,IX,Index,WB_ESG,"Environment, Social & Governance (ESG)",0,Units,A,Normal value,PU,Public,,,,,,,,,,,,,,,,,,,,,,,,,,,,,,,,,,,,,29.5,,,,32.7,33.6,,,32.2,,30.8,,,,,,34.0,,,,,,,,
A,Annual,TKM,Turkmenistan,WB_ESG_SI_POV_GINI,Gini index,IX,Index,WB_ESG,"Environment, Social & Governance (ESG)",0,Units,A,Normal value,PU,Public,,,,,,,,,,,,,,,,,,,,,,,,,,,,,,,,,,,,40.8,,,,,,,,,,,,,,,,,,,,,,,,,
A,Annual,TLS,Timor-Leste,WB_ESG_SI_POV_GINI,Gini index,IX,Index,WB_ESG,"Environment, Social & Governance (ESG)",0,Units,A,Normal value,PU,Public,,,,,,,,,,,,,,,,,,,,,,,,,,,,,,,,,,,,,,,35.9,,,,,,27.8,,,,,,,28.7,,,,,,,,,
A,Annual,TON,Tonga,WB_ESG_SI_POV_GINI,Gini index,IX,Index,WB_ESG,"Environment, Social & Governance (ESG)",0,Units,A,Normal value,PU,Public,,,,,,,,,,,,,,,,,,,,,,,,,,,,,,,,,,,,,,37.7,,,,,,,,,37.5,,,,,,33.5,,,,,,27.1,,
A,Annual,TTO,Trinidad and Tobago,WB_ESG_SI_POV_GINI,Gini index,IX,Index,WB_ESG,"Environment, Social & Governance (ESG)",0,Units,A,Normal value,PU,Public,,,,,,,,,,,,,,,,,,,,,,,,,,42.6,,,,40.3,,,,,,,,,,,,,,,,,,,,,,,,,,,,,,,
A,Annual,TUN,Tunisia,WB_ESG_SI_POV_GINI,Gini index,IX,Index,WB_ESG,"Environment, Social & Governance (ESG)",0,Units,A,Normal value,PU,Public,,,,,,,,,,,,,,,,,,,,,,,43.4,,,,,40.2,,,,,41.7,,,,,40.8,,,,,37.7,,,,,35.8,,,,,32.8,,,,,,33.7,,
A,Annual,TUR,Turkiye,WB_ESG_SI_POV_GINI,Gini index,IX,Index,WB_ESG,"Environment, Social & Governance (ESG)",0,Units,A,Normal value,PU,Public,,,,,,,,,,,,,,,,,,,,,,,,,,,,,,,,,,,,,,,,,,,,,,,,,,,,,,,43.5,42.4,43.8,43.0,44.4,,
A,Annual,TUV,Tuvalu,WB_ESG_SI_POV_GINI,Gini index,IX,Index,WB_ESG,"Environment, Social & Governance (ESG)",0,Units,A,Normal value,PU,Public,,,,,,,,,,,,,,,,,,,,,,,,,,,,,,,,,,,,,,,,,,,,,,,,39.1,,,,,,,,,,,,,
A,Annual,TZA,Tanzania,WB_ESG_SI_POV_GINI,Gini index,IX,Index,WB_ESG,"Environment, Social & Governance (ESG)",0,Units,A,Normal value,PU,Public,,,,,,,,,,,,,,,,,,,,,,,,,,,,,35.3,,,,,,,,,37.3,,,,,,,40.3,,,,37.8,,,,,,,40.5,,,,,
A,Annual,UGA,Uganda,WB_ESG_SI_POV_GINI,Gini index,IX,Index,WB_ESG,"Environment, Social & Governance (ESG)",0,Units,A,Normal value,PU,Public,,,,,,,,,,,,,,,,,,,,,,,,,,,44.4,,,41.4,,,,39.0,,,43.0,,,45.2,,,42.9,,,,44.2,,,41.0,,,,42.8,,,42.7,,,,
A,Annual,UKR,Ukraine,WB_ESG_SI_POV_GINI,Gini index,IX,Index,WB_ESG,"Environment, Social & Governance (ESG)",0,Units,A,Normal value,PU,Public,,,,,,,,,,,,,,,,,,,,,,,,,,,,,,29.7,28.9,,39.3,35.2,,,,,,29.0,28.7,28.9,29.0,29.8,27.0,26.6,25.3,24.8,24.6,24.7,24.6,24.0,25.5,25.0,26.0,26.1,26.6,25.6,,,
A,Annual,URY,Uruguay,WB_ESG_SI_POV_GINI,Gini index,IX,Index,WB_ESG,"Environment, Social & Governance (ESG)",0,Units,A,Normal value,PU,Public,,,,,,,,,,,,,,,,,,,43.6,,,,,,,,42.4,,,41.5,,,40.9,40.8,41.5,42.5,,42.9,45.0,45.5,45.0,45.9,44.7,45.9,46.4,45.1,45.5,44.5,42.2,39.9,40.5,40.1,40.1,39.7,39.5,39.7,39.7,40.2,40.8,40.6,
A,Annual,USA,United States,WB_ESG_SI_POV_GINI,Gini index,IX,Index,WB_ESG,"Environment, Social & Governance (ESG)",0,Units,A,Normal value,PU,Public,37.6,38.1,37.5,37.8,36.9,36.3,36.0,36.6,36.9,36.7,36.1,35.5,35.7,35.6,35.5,34.8,34.8,34.7,35.5,36.7,37.3,37.3,37.6,37.6,37.2,37.7,38.2,38.3,38.0,38.4,40.4,40.0,39.9,40.3,40.5,40.0,40.0,40.1,40.6,40.4,40.8,40.3,41.0,41.4,40.8,40.8,40.6,40.0,40.9,40.9,40.7,41.5,41.2,41.1,41.2,41.4,41.5,39.7,39.8,,
A,Annual,UZB,Uzbekistan,WB_ESG_SI_POV_GINI,Gini index,IX,Index,WB_ESG,"Environment, Social & Governance (ESG)",0,Units,A,Normal value,PU,Public,,,,,,,,,,,,,,,,,,,,,,,,,,,,,,,,,,,,44.7,,36.1,,33.0,35.3,,,,,,,,,,,,,,,,,,,31.2,
A,Annual,VEN,"Venezuela, RB",WB_ESG_SI_POV_GINI,Gini index,IX,Index,WB_ESG,"Environment, Social & Governance (ESG)",0,Units,A,Normal value,PU,Public,,,,,,,,,,,,,,,,,,,55.6,,,,,,53.4,,43.8,,,42.1,,,47.2,,,48.1,47.8,,47.2,49.0,48.1,47.5,49.5,44.8,,,,,,,,,,,,,,,,,
A,Annual,VNM,Viet Nam,WB_ESG_SI_POV_GINI,Gini index,IX,Index,WB_ESG,"Environment, Social & Governance (ESG)",0,Units,A,Normal value,PU,Public,,,,,,,,,,,,,,,,,,,,,,,,,,,,,,35.7,,,,,35.4,,,,,37.0,,36.8,,35.8,,35.6,,39.3,,35.6,,34.8,,35.3,,35.7,,36.8,,36.1,
A,Annual,VUT,Vanuatu,WB_ESG_SI_POV_GINI,Gini index,IX,Index,WB_ESG,"Environment, Social & Governance (ESG)",0,Units,A,Normal value,PU,Public,,,,,,,,,,,,,,,,,,,,,,,,,,,,,,,,,,,,,,,,,,,,,,,,37.4,,,,,,,,,32.3,,,,
A,Annual,WSM,Samoa,WB_ESG_SI_POV_GINI,Gini index,IX,Index,WB_ESG,"Environment, Social & Governance (ESG)",0,Units,A,Normal value,PU,Public,,,,,,,,,,,,,,,,,,,,,,,,,,,,,,,,,,,,,,,,40.7,,,,,,42.0,,,,,38.7,,,,,,,,,,
A,Annual,YEM,"Yemen, Rep.",WB_ESG_SI_POV_GINI,Gini index,IX,Index,WB_ESG,"Environment, Social & Governance (ESG)",0,Units,A,Normal value,PU,Public,,,,,,,,,,,,,,,,,,,,,,,,,,,,,,,,,,,,35.0,,,,,,,34.7,,,,,,,,,36.7,,,,,,,,,
A,Annual,ZAF,South Africa,WB_ESG_SI_POV_GINI,Gini index,IX,Index,WB_ESG,"Environment, Social & Governance (ESG)",0,Units,A,Normal value,PU,Public,,,,,,,,,,,,,,,,,,,,,,,,,,,,,,,59.3,,,,,,,57.8,,,,,64.8,,,63.0,,63.4,,,,63.0,,,,,,,,,
A,Annual,ZMB,Zambia,WB_ESG_SI_POV_GINI,Gini index,IX,Index,WB_ESG,"Environment, Social & Governance (ESG)",0,Units,A,Normal value,PU,Public,,,,,,,,,,,,,,,,,,,,,,,,,,,,,60.5,,52.6,,,48.3,,49.1,,,,42.1,,54.3,,54.6,,,,52.0,,,,,55.9,,,,,,,51.5,
A,Annual,ZWE,Zimbabwe,WB_ESG_SI_POV_GINI,Gini index,IX,Index,WB_ESG,"Environment, Social & Governance (ESG)",0,Units,A,Normal value,PU,Public,,,,,,,,,,,,,,,,,,,,,,,,,,,,,,,,,,,,,,,,,,,,,,,,,43.2,,,,,,44.3,,50.3,,,,
